{
  "K": [
    1316.889746466783,
    0.0,
    549.2161440134605,
    0.0,
    1315.0917041446548,
    403.21090684876,
    0.0,
    0.0,
    1.0
  ],
  "dist": [
    0.09748163665336172,
    -0.11112329618680225,
    -0.006749558102098803,
    -0.00456391301940097,
    0.9552797877260525
  ],
  "rms": 0.9807180217546916,
  "usedImages": 17,
  "boardCols": 10,
  "boardRows": 7,
  "squareSizeMm": 25.0,
  "cameraName": "0",
  "lensDirection": "back",
  "sensorOrientation": 90,
  "savedAt": "2026-04-14T15:17:19.596471"
}