{
    "data_path": "sampled_images",
    "score_best_model": {
        "proj_model": "P4",
        "dist_model": "BC4"
    },
    "rms": 0.7374851483247663,
    "min_score": -879.2574267768268,
    "model_wise_rms": {
        "P1": {
            "BC0": 8.963456297857002,
            "BC1": 1.119312696121377,
            "BC2": 1.091260939685982,
            "BC4": 1.053707984327194,
            "KB0": NaN,
            "KB1": NaN,
            "KB2": NaN
        },
        "P2": {
            "BC0": 8.714105355083294,
            "BC1": 0.8667124318374821,
            "BC2": 0.8213081215975212,
            "BC4": 0.8172662668245053,
            "KB0": 4.9642325608439295,
            "KB1": 1.3010877635439588,
            "KB2": 0.7974760295414555
        },
        "P3": {
            "BC0": 8.945359629463315,
            "BC1": 1.112790982253176,
            "BC2": 1.0745165026500325,
            "BC4": 0.848038179259586,
            "KB0": NaN,
            "KB1": NaN,
            "KB2": NaN
        },
        "P4": {
            "BC0": 8.686246298097384,
            "BC1": 0.8653173508915878,
            "BC2": 0.8183075753461702,
            "BC4": 0.7374851483247663,
            "KB0": 4.922085503697581,
            "KB1": 1.2902648829119745,
            "KB2": 0.7953413487912688
        }
    },
    "model_wise_score": {
        "P1": {
            "BC0": 6449.878346394172,
            "BC1": 335.3816083165536,
            "BC2": 262.761527920325,
            "BC4": 163.80714962230533,
            "KB0": NaN,
            "KB1": NaN,
            "KB2": NaN
        },
        "P2": {
            "BC0": 6368.932472761706,
            "BC1": -414.5612348614892,
            "BC2": -570.7594023501637,
            "BC4": -581.2635679440649,
            "KB0": 4714.640624246307,
            "KB1": 779.8099280002535,
            "KB2": -657.3322952219337
        },
        "P3": {
            "BC0": 6447.936666787647,
            "BC1": 322.2014983426439,
            "BC2": 221.30013855922368,
            "BC4": -470.59908718633255,
            "KB0": NaN,
            "KB1": NaN,
            "KB2": NaN
        },
        "P4": {
            "BC0": 6363.5182150321025,
            "BC1": -415.29734149061045,
            "BC2": -577.5199919728655,
            "BC4": -879.2574267768268,
            "KB0": 4693.573031256451,
            "KB1": 759.2517466842274,
            "KB2": -661.2126275793938
        }
    },
    "img_name": [
        "img_1.jpg",
        "img_10.jpg",
        "img_11.jpg",
        "img_12.jpg",
        "img_13.jpg",
        "img_14.jpg",
        "img_15.jpg",
        "img_16.jpg",
        "img_17.jpg",
        "img_18.jpg",
        "img_19.jpg",
        "img_2.jpg",
        "img_20.jpg",
        "img_21.jpg",
        "img_3.jpg",
        "img_4.jpg",
        "img_5.jpg",
        "img_6.jpg",
        "img_7.jpg",
        "img_8.jpg",
        "img_9.jpg"
    ],
    "K": [
        [
            1052.4783195665802,
            0.0,
            642.6012558667876
        ],
        [
            0.0,
            1060.8481063803451,
            386.2662449890409
        ],
        [
            0.0,
            0.0,
            1.0
        ]
    ],
    "dist_coef": [
        [
            -0.6506286768418007,
            -0.1678206480314486,
            -0.014427371841973255,
            -0.001000632360821689,
            0.0
        ]
    ],
    "rvecs": [
        [
            [
                -0.5604782273854402
            ],
            [
                -0.006419756433354479
            ],
            [
                -0.037407267604054766
            ]
        ],
        [
            [
                0.5770717376613732
            ],
            [
                -0.1480376444493795
            ],
            [
                -0.029316215750730474
            ]
        ],
        [
            [
                0.6148990149654868
            ],
            [
                -0.14393643427667263
            ],
            [
                -0.025862161283856815
            ]
        ],
        [
            [
                0.6450603588369508
            ],
            [
                -0.14151767131824483
            ],
            [
                -0.007127057133141773
            ]
        ],
        [
            [
                0.6397909777710833
            ],
            [
                -0.1459199784439669
            ],
            [
                -0.01740491193225281
            ]
        ],
        [
            [
                0.33945560751163517
            ],
            [
                -0.01537865470921909
            ],
            [
                -0.024468917113047522
            ]
        ],
        [
            [
                0.14076840599933782
            ],
            [
                0.2899645320129042
            ],
            [
                -0.03287107218026175
            ]
        ],
        [
            [
                -0.0795647843331741
            ],
            [
                0.6542630676151631
            ],
            [
                -0.10911775746453294
            ]
        ],
        [
            [
                -0.09431341110935425
            ],
            [
                0.48945768458690453
            ],
            [
                -0.1533653674316173
            ]
        ],
        [
            [
                0.06258836596352982
            ],
            [
                -0.045699731640785134
            ],
            [
                -0.018300492625045402
            ]
        ],
        [
            [
                0.06541069497560092
            ],
            [
                -0.06319727153001502
            ],
            [
                -0.01297693348335814
            ]
        ],
        [
            [
                -0.5678388216737741
            ],
            [
                -0.01714548884126806
            ],
            [
                -0.07295200009451662
            ]
        ],
        [
            [
                0.07891649367668871
            ],
            [
                -0.06395540335409973
            ],
            [
                0.0019904199229092224
            ]
        ],
        [
            [
                0.08181290537873802
            ],
            [
                -0.07767769598272062
            ],
            [
                0.0023068658255974415
            ]
        ],
        [
            [
                -0.2170432036317016
            ],
            [
                -0.24292431309569823
            ],
            [
                -0.07798480585809164
            ]
        ],
        [
            [
                -0.11723412816858188
            ],
            [
                -0.43569532919281545
            ],
            [
                -0.11039052453519746
            ]
        ],
        [
            [
                -0.03546441844368414
            ],
            [
                -0.6551551958489412
            ],
            [
                -0.07925707629803368
            ]
        ],
        [
            [
                -0.015249706116479684
            ],
            [
                -0.4880771202040349
            ],
            [
                -0.07942512595968157
            ]
        ],
        [
            [
                0.21286333697514567
            ],
            [
                -0.19183080634203012
            ],
            [
                0.0040016262845896326
            ]
        ],
        [
            [
                0.3623044038631133
            ],
            [
                -0.15015298405881713
            ],
            [
                -0.05534599546387443
            ]
        ],
        [
            [
                0.5403998246112168
            ],
            [
                -0.1401446629147862
            ],
            [
                -0.03588657114440667
            ]
        ]
    ],